{"cameraMode":{"drawMode":0,"name":"Shaded","section":"Shading Mode"},"sceneLighting":true,"audioPlay":false,"sceneViewState":{"showFog":true,"showMaterialUpdate":false,"showSkybox":true,"showFlares":true,"showImageEffects":true,"showParticleSystems":true},"in2DMode":false,"pivot":{"x":-13.858262062072754,"y":-2.771644115447998,"z":26.031435012817384},"rotation":{"x":0.024949850514531137,"y":0.6099652647972107,"z":-0.01922025717794895,"w":0.7918020486831665},"size":4.402387619018555,"orthographic":true}